{"cameraMode":{"drawMode":0,"name":"Shaded","section":"Shading Mode"},"sceneLighting":true,"audioPlay":false,"sceneViewState":{"m_AlwaysRefresh":false,"showFog":true,"showSkybox":true,"showFlares":true,"showImageEffects":true,"showParticleSystems":true,"showVisualEffectGraphs":true,"m_FxEnabled":true},"in2DMode":false,"pivot":{"x":858.0188598632813,"y":391.928955078125,"z":-39.38157653808594},"rotation":{"x":-0.0014999720733612776,"y":0.005999957211315632,"z":0.000008999943020171486,"w":0.9999807476997376},"size":378.1322937011719,"orthographic":false}