{"cameraMode":{"drawMode":0,"name":"Shaded","section":"Shading Mode"},"sceneLighting":false,"audioPlay":false,"sceneViewState":{"m_AlwaysRefresh":false,"showFog":true,"showSkybox":false,"showFlares":true,"showImageEffects":true,"showParticleSystems":true,"showVisualEffectGraphs":true,"m_FxEnabled":true},"in2DMode":false,"pivot":{"x":154.81614685058595,"y":-28.297718048095704,"z":61.70024108886719},"rotation":{"x":0.037093956023454669,"y":-0.20342929661273957,"z":0.00772577989846468,"w":0.978395402431488},"size":21.814624786376954,"orthographic":false}